   Leitura                              ;Tensao V1                ;Tensao V2                ;Tensao V3                ;VTCDS/LD;Momentaneo;Temporario;Longa;Inicio da medicao;Fim da medicao
1;223.271 V                ;218,920 V                ;221,543 V                ;Elevacao;23;0;0;31/05/2017 17:50;07/06/2017 17:42
2;222,171 V                ;218,267 V                ;220,793 V                ;Afundamento;2481;501;213;;
3;221,026 V                ;216,834 V                ;219,297 V                ;Interrupcao;0;0;0;;
4;217,794 V                ;213,518 V                ;216,734 V                ;Interrupcao Fase A;0;0;0;;
5;213,885 V                ;213,550 V                ;216,911 V                ;Interrupcao Fase B;0;0;0;;
6;214,106 V                ;214,853 V                ;218,109 V                ;Interrupcao Fase C;0;0;0;;
7;214,337 V                ;210,426 V                ;213,822 V                ;;;;;;
8;211,982 V                ;209,541 V                ;217,202 V                ;;;;;;
9;210,596 V                ;210,344 V                ;218,103 V                ;;;;;;
10;208,514 V                ;213,330 V                ;219,385 V                ;;;;;;
11;209,451 V                ;213,376 V                ;219,781 V                ;;;;;;
12;211,244 V                ;213,686 V                ;219,770 V                ;;;;;;
13;212,641 V                ;212,132 V                ;219,241 V                ;;;;;;
14;211,381 V                ;204,556 V                ;223,026 V                ;;;;;;
15;214,231 V                ;208,886 V                ;213,527 V                ;;;;;;
16;217,904 V                ;212,668 V                ;203,287 V                ;;;;;;
17;215,882 V                ;213,315 V                ;201,450 V                ;;;;;;
18;214,701 V                ;213,375 V                ;206,040 V                ;;;;;;
19;216,154 V                ;209,331 V                ;210,112 V                ;;;;;;
20;210,956 V                ;210,712 V                ;208,957 V                ;;;;;;
21;210,190 V                ;204,935 V                ;209,246 V                ;;;;;;
22;204,637 V                ;205,311 V                ;209,507 V                ;;;;;;
23;207,216 V                ;206,855 V                ;204,514 V                ;;;;;;
24;202,572 V                ;207,517 V                ;205,926 V                ;;;;;;
25;204,863 V                ;204,164 V                ;208,608 V                ;;;;;;
26;205,847 V                ;204,971 V                ;210,056 V                ;;;;;;
27;203,311 V                ;202,885 V                ;212,570 V                ;;;;;;
28;203,698 V                ;201,745 V                ;210,522 V                ;;;;;;
29;205,215 V                ;199,052 V                ;209,494 V                ;;;;;;
30;205,232 V                ;193,206 V                ;209,701 V                ;;;;;;
31;205,902 V                ;198,750 V                ;210,741 V                ;;;;;;
32;206,134 V                ;198,122 V                ;213,478 V                ;;;;;;
33;207,450 V                ;198,118 V                ;214,155 V                ;;;;;;
34;206,429 V                ;198,803 V                ;213,840 V                ;;;;;;
35;206,289 V                ;199,257 V                ;214,853 V                ;;;;;;
36;204,038 V                ;201,702 V                ;214,835 V                ;;;;;;
37;205,540 V                ;200,398 V                ;215,618 V                ;;;;;;
38;206,509 V                ;202,746 V                ;214,567 V                ;;;;;;
39;203,604 V                ;204,783 V                ;215,522 V                ;;;;;;
40;208,156 V                ;203,467 V                ;216,536 V                ;;;;;;
41;207,540 V                ;205,514 V                ;215,682 V                ;;;;;;
42;207,380 V                ;205,235 V                ;214,451 V                ;;;;;;
43;210,234 V                ;203,645 V                ;216,203 V                ;;;;;;
44;211,119 V                ;203,435 V                ;217,658 V                ;;;;;;
45;211,163 V                ;204,282 V                ;216,968 V                ;;;;;;
46;208,707 V                ;202,900 V                ;215,971 V                ;;;;;;
47;208,709 V                ;200,739 V                ;215,464 V                ;;;;;;
48;208,450 V                ;202,013 V                ;215,477 V                ;;;;;;
49;207,945 V                ;203,674 V                ;214,682 V                ;;;;;;
50;209,004 V                ;204,037 V                ;214,423 V                ;;;;;;
51;209,919 V                ;204,583 V                ;214,359 V                ;;;;;;
52;211,134 V                ;205,316 V                ;214,649 V                ;;;;;;
53;211,712 V                ;204,561 V                ;215,794 V                ;;;;;;
54;212,339 V                ;204,738 V                ;215,661 V                ;;;;;;
55;213,181 V                ;205,671 V                ;216,601 V                ;;;;;;
56;213,573 V                ;203,980 V                ;217,835 V                ;;;;;;
57;213,775 V                ;206,103 V                ;217,290 V                ;;;;;;
58;214,395 V                ;206,646 V                ;217,093 V                ;;;;;;
59;213,551 V                ;205,793 V                ;216,075 V                ;;;;;;
60;210,497 V                ;204,878 V                ;217,425 V                ;;;;;;
61;211,053 V                ;204,466 V                ;217,189 V                ;;;;;;
62;211,059 V                ;205,988 V                ;215,748 V                ;;;;;;
63;210,900 V                ;206,993 V                ;215,499 V                ;;;;;;
64;212,460 V                ;207,193 V                ;217,802 V                ;;;;;;
65;214,102 V                ;204,934 V                ;218,341 V                ;;;;;;
66;216,185 V                ;204,614 V                ;217,666 V                ;;;;;;
67;216,598 V                ;203,914 V                ;218,175 V                ;;;;;;
68;216,769 V                ;203,566 V                ;218,975 V                ;;;;;;
69;215,602 V                ;207,204 V                ;217,524 V                ;;;;;;
70;216,209 V                ;209,827 V                ;216,813 V                ;;;;;;
71;217,933 V                ;208,960 V                ;218,120 V                ;;;;;;
72;214,824 V                ;207,562 V                ;220,773 V                ;;;;;;
73;214,001 V                ;210,509 V                ;220,663 V                ;;;;;;
74;214,332 V                ;214,504 V                ;219,070 V                ;;;;;;
75;212,533 V                ;217,403 V                ;218,418 V                ;;;;;;
76;213,100 V                ;218,634 V                ;221,713 V                ;;;;;;
77;218,770 V                ;220,338 V                ;222,334 V                ;;;;;;
78;219,100 V                ;218,311 V                ;223,925 V                ;;;;;;
79;215,292 V                ;220,688 V                ;223,295 V                ;;;;;;
80;219,260 V                ;219,621 V                ;222,332 V                ;;;;;;
81;218,332 V                ;218,877 V                ;221,681 V                ;;;;;;
82;216,863 V                ;212,636 V                ;224,317 V                ;;;;;;
83;215,687 V                ;212,695 V                ;224,444 V                ;;;;;;
84;218,457 V                ;215,260 V                ;223,511 V                ;;;;;;
85;222,090 V                ;211,380 V                ;219,451 V                ;;;;;;
86;220,970 V                ;212,974 V                ;222,513 V                ;;;;;;
87;220,667 V                ;214,288 V                ;224,491 V                ;;;;;;
88;220,757 V                ;203,267 V                ;226,977 V                ;;;;;;
89;217,858 V                ;208,941 V                ;217,940 V                ;;;;;;
90;220,006 V                ;213,499 V                ;222,457 V                ;;;;;;
91;220,708 V                ;212,707 V                ;224,801 V                ;;;;;;
92;217,049 V                ;212,161 V                ;223,500 V                ;;;;;;
93;218,967 V                ;210,292 V                ;219,939 V                ;;;;;;
94;212,992 V                ;211,317 V                ;219,403 V                ;;;;;;
95;214,320 V                ;214,099 V                ;218,513 V                ;;;;;;
96;213,530 V                ;213,654 V                ;218,528 V                ;;;;;;
97;212,778 V                ;212,994 V                ;220,165 V                ;;;;;;
98;214,927 V                ;212,875 V                ;218,402 V                ;;;;;;
99;215,299 V                ;214,479 V                ;222,011 V                ;;;;;;
100;216,306 V                ;213,657 V                ;219,967 V                ;;;;;;
101;216,207 V                ;214,205 V                ;220,168 V                ;;;;;;
102;215,219 V                ;212,367 V                ;221,374 V                ;;;;;;
103;214,851 V                ;211,777 V                ;221,606 V                ;;;;;;
104;214,729 V                ;213,758 V                ;221,409 V                ;;;;;;
105;212,760 V                ;211,467 V                ;220,955 V                ;;;;;;
106;209,928 V                ;210,136 V                ;220,164 V                ;;;;;;
107;215,169 V                ;204,243 V                ;219,356 V                ;;;;;;
108;215,739 V                ;205,145 V                ;222,849 V                ;;;;;;
109;213,684 V                ;210,263 V                ;222,787 V                ;;;;;;
110;212,629 V                ;212,421 V                ;222,714 V                ;;;;;;
111;214,989 V                ;216,054 V                ;222,157 V                ;;;;;;
112;215,404 V                ;213,511 V                ;223,482 V                ;;;;;;
113;215,405 V                ;213,179 V                ;223,208 V                ;;;;;;
114;215,275 V                ;216,376 V                ;220,004 V                ;;;;;;
115;213,536 V                ;213,046 V                ;221,029 V                ;;;;;;
116;213,066 V                ;209,719 V                ;222,376 V                ;;;;;;
117;212,378 V                ;203,959 V                ;225,317 V                ;;;;;;
118;216,192 V                ;201,610 V                ;218,768 V                ;;;;;;
119;210,267 V                ;201,335 V                ;225,390 V                ;;;;;;
120;211,626 V                ;199,745 V                ;224,647 V                ;;;;;;
121;215,614 V                ;206,188 V                ;222,224 V                ;;;;;;
122;215,904 V                ;209,126 V                ;222,821 V                ;;;;;;
123;218,043 V                ;209,400 V                ;224,260 V                ;;;;;;
124;217,473 V                ;209,530 V                ;224,586 V                ;;;;;;
125;219,325 V                ;208,849 V                ;224,113 V                ;;;;;;
126;220,732 V                ;206,344 V                ;224,288 V                ;;;;;;
127;212,964 V                ;209,006 V                ;225,088 V                ;;;;;;
128;214,000 V                ;211,439 V                ;224,153 V                ;;;;;;
129;215,215 V                ;212,402 V                ;223,964 V                ;;;;;;
130;217,175 V                ;210,752 V                ;219,831 V                ;;;;;;
131;213,240 V                ;209,985 V                ;217,388 V                ;;;;;;
132;214,857 V                ;212,841 V                ;217,899 V                ;;;;;;
133;221,017 V                ;217,559 V                ;215,725 V                ;;;;;;
134;220,894 V                ;215,277 V                ;214,004 V                ;;;;;;
135;218,916 V                ;212,660 V                ;219,212 V                ;;;;;;
136;222,093 V                ;211,153 V                ;220,398 V                ;;;;;;
137;223,337 V                ;207,813 V                ;221,986 V                ;;;;;;
138;223,157 V                ;205,603 V                ;223,573 V                ;;;;;;
139;219,543 V                ;209,260 V                ;223,438 V                ;;;;;;
140;221,492 V                ;210,099 V                ;222,755 V                ;;;;;;
141;222,478 V                ;210,845 V                ;222,602 V                ;;;;;;
142;223,011 V                ;212,649 V                ;221,643 V                ;;;;;;
143;221,821 V                ;211,029 V                ;217,403 V                ;;;;;;
144;221,291 V                ;210,768 V                ;217,568 V                ;;;;;;
145;222,340 V                ;208,536 V                ;219,377 V                ;;;;;;
146;221,993 V                ;212,298 V                ;223,037 V                ;;;;;;
147;219,082 V                ;209,976 V                ;219,215 V                ;;;;;;
148;216,831 V                ;207,770 V                ;218,656 V                ;;;;;;
149;211,283 V                ;208,059 V                ;217,465 V                ;;;;;;
150;209,681 V                ;210,679 V                ;216,082 V                ;;;;;;
151;209,531 V                ;209,022 V                ;215,375 V                ;;;;;;
152;208,355 V                ;205,510 V                ;216,329 V                ;;;;;;
153;205,565 V                ;209,587 V                ;216,186 V                ;;;;;;
154;206,634 V                ;211,183 V                ;216,733 V                ;;;;;;
155;208,548 V                ;212,181 V                ;218,709 V                ;;;;;;
156;214,922 V                ;212,258 V                ;218,404 V                ;;;;;;
157;215,385 V                ;213,208 V                ;218,058 V                ;;;;;;
158;215,226 V                ;213,319 V                ;219,239 V                ;;;;;;
159;215,773 V                ;210,620 V                ;216,296 V                ;;;;;;
160;211,964 V                ;208,015 V                ;215,669 V                ;;;;;;
161;210,866 V                ;209,659 V                ;216,563 V                ;;;;;;
162;205,354 V                ;212,279 V                ;217,449 V                ;;;;;;
163;201,093 V                ;215,491 V                ;216,160 V                ;;;;;;
164;210,178 V                ;210,781 V                ;215,893 V                ;;;;;;
165;206,373 V                ;204,782 V                ;215,099 V                ;;;;;;
166;203,489 V                ;206,348 V                ;215,179 V                ;;;;;;
167;202,589 V                ;208,868 V                ;215,581 V                ;;;;;;
168;205,879 V                ;204,977 V                ;213,940 V                ;;;;;;
169;202,370 V                ;207,538 V                ;214,786 V                ;;;;;;
170;201,451 V                ;207,877 V                ;214,696 V                ;;;;;;
171;198,422 V                ;207,676 V                ;212,207 V                ;;;;;;
172;202,271 V                ;205,104 V                ;212,416 V                ;;;;;;
173;206,757 V                ;204,570 V                ;214,687 V                ;;;;;;
174;206,103 V                ;204,988 V                ;213,666 V                ;;;;;;
175;209,752 V                ;203,613 V                ;213,839 V                ;;;;;;
176;204,618 V                ;204,639 V                ;214,036 V                ;;;;;;
177;202,862 V                ;205,300 V                ;212,742 V                ;;;;;;
178;206,651 V                ;204,770 V                ;207,278 V                ;;;;;;
179;206,626 V                ;201,307 V                ;211,874 V                ;;;;;;
180;209,258 V                ;201,501 V                ;212,632 V                ;;;;;;
181;208,814 V                ;202,463 V                ;211,804 V                ;;;;;;
182;209,781 V                ;203,990 V                ;213,124 V                ;;;;;;
183;205,571 V                ;205,071 V                ;212,605 V                ;;;;;;
184;209,240 V                ;203,606 V                ;212,804 V                ;;;;;;
185;209,667 V                ;205,501 V                ;213,181 V                ;;;;;;
186;210,276 V                ;205,918 V                ;214,794 V                ;;;;;;
187;212,030 V                ;206,628 V                ;213,542 V                ;;;;;;
188;212,056 V                ;207,823 V                ;212,525 V                ;;;;;;
189;213,127 V                ;206,460 V                ;214,008 V                ;;;;;;
190;213,285 V                ;206,800 V                ;215,505 V                ;;;;;;
191;214,343 V                ;206,705 V                ;214,287 V                ;;;;;;
192;213,440 V                ;207,857 V                ;213,043 V                ;;;;;;
193;213,414 V                ;208,648 V                ;214,461 V                ;;;;;;
194;213,961 V                ;207,757 V                ;214,997 V                ;;;;;;
195;213,966 V                ;207,382 V                ;215,009 V                ;;;;;;
196;211,168 V                ;208,248 V                ;211,250 V                ;;;;;;
197;212,386 V                ;205,083 V                ;212,221 V                ;;;;;;
198;213,244 V                ;205,254 V                ;212,978 V                ;;;;;;
199;214,167 V                ;207,150 V                ;213,046 V                ;;;;;;
200;215,204 V                ;205,617 V                ;215,255 V                ;;;;;;
201;218,201 V                ;205,588 V                ;213,438 V                ;;;;;;
202;216,845 V                ;205,312 V                ;213,920 V                ;;;;;;
203;215,385 V                ;207,698 V                ;214,437 V                ;;;;;;
204;214,161 V                ;208,540 V                ;214,235 V                ;;;;;;
205;214,990 V                ;208,815 V                ;215,422 V                ;;;;;;
206;216,494 V                ;207,975 V                ;217,784 V                ;;;;;;
207;214,570 V                ;209,181 V                ;216,195 V                ;;;;;;
208;215,515 V                ;209,545 V                ;215,147 V                ;;;;;;
209;218,464 V                ;209,501 V                ;216,539 V                ;;;;;;
210;218,024 V                ;210,423 V                ;217,077 V                ;;;;;;
211;216,357 V                ;211,180 V                ;215,062 V                ;;;;;;
212;215,538 V                ;207,733 V                ;214,130 V                ;;;;;;
213;215,954 V                ;208,466 V                ;214,502 V                ;;;;;;
214;214,724 V                ;209,468 V                ;213,685 V                ;;;;;;
215;215,153 V                ;205,104 V                ;214,834 V                ;;;;;;
216;216,757 V                ;209,675 V                ;213,880 V                ;;;;;;
217;215,320 V                ;207,518 V                ;213,525 V                ;;;;;;
218;215,033 V                ;209,017 V                ;214,316 V                ;;;;;;
219;215,801 V                ;210,894 V                ;214,332 V                ;;;;;;
220;215,450 V                ;213,948 V                ;214,434 V                ;;;;;;
221;218,108 V                ;213,842 V                ;215,355 V                ;;;;;;
222;218,850 V                ;214,400 V                ;218,311 V                ;;;;;;
223;220,042 V                ;213,314 V                ;218,191 V                ;;;;;;
224;219,875 V                ;217,502 V                ;222,312 V                ;;;;;;
225;219,523 V                ;213,922 V                ;219,869 V                ;;;;;;
226;213,753 V                ;205,269 V                ;222,833 V                ;;;;;;
227;209,546 V                ;211,399 V                ;217,701 V                ;;;;;;
228;204,163 V                ;213,732 V                ;218,300 V                ;;;;;;
229;205,844 V                ;207,219 V                ;219,386 V                ;;;;;;
230;210,820 V                ;209,243 V                ;218,137 V                ;;;;;;
231;214,969 V                ;211,776 V                ;216,424 V                ;;;;;;
232;212,428 V                ;209,369 V                ;216,658 V                ;;;;;;
233;210,183 V                ;213,898 V                ;219,678 V                ;;;;;;
234;210,988 V                ;209,769 V                ;217,655 V                ;;;;;;
235;215,089 V                ;207,308 V                ;217,584 V                ;;;;;;
236;217,882 V                ;210,589 V                ;220,304 V                ;;;;;;
237;217,406 V                ;207,902 V                ;220,005 V                ;;;;;;
238;215,460 V                ;206,063 V                ;219,068 V                ;;;;;;
239;218,024 V                ;205,413 V                ;214,881 V                ;;;;;;
240;217,454 V                ;205,902 V                ;215,491 V                ;;;;;;
241;215,456 V                ;206,297 V                ;215,643 V                ;;;;;;
242;215,511 V                ;206,380 V                ;217,327 V                ;;;;;;
243;214,690 V                ;205,741 V                ;215,687 V                ;;;;;;
244;213,425 V                ;206,676 V                ;214,668 V                ;;;;;;
245;213,617 V                ;204,792 V                ;216,061 V                ;;;;;;
246;213,839 V                ;201,296 V                ;217,786 V                ;;;;;;
247;214,412 V                ;200,313 V                ;219,198 V                ;;;;;;
248;216,046 V                ;203,102 V                ;219,844 V                ;;;;;;
249;215,765 V                ;200,759 V                ;213,531 V                ;;;;;;
250;219,122 V                ;197,344 V                ;211,690 V                ;;;;;;
251;217,367 V                ;195,099 V                ;211,528 V                ;;;;;;
252;215,526 V                ;192,310 V                ;214,053 V                ;;;;;;
253;212,989 V                ;194,406 V                ;212,633 V                ;;;;;;
254;215,544 V                ;201,343 V                ;213,752 V                ;;;;;;
255;218,014 V                ;204,983 V                ;213,281 V                ;;;;;;
256;220,466 V                ;204,396 V                ;212,899 V                ;;;;;;
257;219,133 V                ;200,851 V                ;213,461 V                ;;;;;;
258;213,794 V                ;198,635 V                ;210,429 V                ;;;;;;
259;205,144 V                ;203,281 V                ;206,285 V                ;;;;;;
260;200,113 V                ;207,355 V                ;211,521 V                ;;;;;;
261;200,317 V                ;212,257 V                ;206,427 V                ;;;;;;
262;197,200 V                ;210,758 V                ;206,105 V                ;;;;;;
263;198,196 V                ;209,089 V                ;211,895 V                ;;;;;;
264;197,552 V                ;210,590 V                ;212,434 V                ;;;;;;
265;194,085 V                ;214,500 V                ;213,498 V                ;;;;;;
266;200,312 V                ;211,349 V                ;213,822 V                ;;;;;;
267;197,125 V                ;211,547 V                ;210,862 V                ;;;;;;
268;193,727 V                ;213,220 V                ;212,122 V                ;;;;;;
269;193,068 V                ;211,958 V                ;208,195 V                ;;;;;;
270;201,723 V                ;206,730 V                ;207,662 V                ;;;;;;
271;202,340 V                ;203,050 V                ;212,089 V                ;;;;;;
272;205,236 V                ;205,158 V                ;213,237 V                ;;;;;;
273;209,344 V                ;201,859 V                ;214,775 V                ;;;;;;
274;211,346 V                ;195,334 V                ;217,498 V                ;;;;;;
275;214,777 V                ;200,208 V                ;215,093 V                ;;;;;;
276;211,753 V                ;204,444 V                ;214,239 V                ;;;;;;
277;212,632 V                ;205,624 V                ;215,683 V                ;;;;;;
278;213,740 V                ;206,129 V                ;217,006 V                ;;;;;;
279;214,803 V                ;205,105 V                ;215,408 V                ;;;;;;
280;216,895 V                ;205,625 V                ;216,192 V                ;;;;;;
281;216,702 V                ;206,522 V                ;217,485 V                ;;;;;;
282;216,925 V                ;208,700 V                ;219,539 V                ;;;;;;
283;218,207 V                ;208,650 V                ;217,723 V                ;;;;;;
284;218,375 V                ;208,683 V                ;215,736 V                ;;;;;;
285;216,858 V                ;206,580 V                ;214,684 V                ;;;;;;
286;219,890 V                ;207,596 V                ;213,435 V                ;;;;;;
287;223,445 V                ;212,979 V                ;219,927 V                ;;;;;;
288;218,185 V                ;211,373 V                ;221,098 V                ;;;;;;
289;219,156 V                ;212,516 V                ;221,722 V                ;;;;;;
290;209,652 V                ;213,254 V                ;216,901 V                ;;;;;;
291;214,816 V                ;206,681 V                ;219,067 V                ;;;;;;
292;211,468 V                ;206,374 V                ;215,388 V                ;;;;;;
293;212,176 V                ;207,614 V                ;214,655 V                ;;;;;;
294;212,177 V                ;206,595 V                ;215,795 V                ;;;;;;
295;211,766 V                ;206,006 V                ;216,096 V                ;;;;;;
296;211,136 V                ;205,536 V                ;214,686 V                ;;;;;;
297;211,489 V                ;204,450 V                ;215,004 V                ;;;;;;
298;212,129 V                ;206,056 V                ;215,489 V                ;;;;;;
299;213,329 V                ;206,547 V                ;216,607 V                ;;;;;;
300;214,170 V                ;207,271 V                ;217,669 V                ;;;;;;
301;210,723 V                ;208,718 V                ;215,664 V                ;;;;;;
302;214,278 V                ;206,045 V                ;217,337 V                ;;;;;;
303;215,526 V                ;205,150 V                ;211,680 V                ;;;;;;
304;213,189 V                ;205,836 V                ;212,489 V                ;;;;;;
305;207,359 V                ;201,010 V                ;218,923 V                ;;;;;;
306;203,062 V                ;197,062 V                ;220,272 V                ;;;;;;
307;202,311 V                ;201,618 V                ;215,187 V                ;;;;;;
308;201,915 V                ;196,928 V                ;214,445 V                ;;;;;;
309;202,644 V                ;197,622 V                ;219,279 V                ;;;;;;
310;204,287 V                ;194,877 V                ;220,098 V                ;;;;;;
311;207,312 V                ;196,646 V                ;222,300 V                ;;;;;;
312;209,063 V                ;196,506 V                ;221,999 V                ;;;;;;
313;211,418 V                ;201,730 V                ;221,354 V                ;;;;;;
314;210,252 V                ;199,285 V                ;222,063 V                ;;;;;;
315;208,945 V                ;197,703 V                ;222,836 V                ;;;;;;
316;208,754 V                ;198,323 V                ;223,099 V                ;;;;;;
317;204,454 V                ;201,466 V                ;219,939 V                ;;;;;;
318;208,352 V                ;200,140 V                ;213,546 V                ;;;;;;
319;207,268 V                ;200,511 V                ;213,153 V                ;;;;;;
320;209,141 V                ;198,763 V                ;215,283 V                ;;;;;;
321;208,053 V                ;201,444 V                ;214,196 V                ;;;;;;
322;207,744 V                ;202,745 V                ;212,508 V                ;;;;;;
323;208,337 V                ;199,368 V                ;214,624 V                ;;;;;;
324;207,715 V                ;198,336 V                ;214,010 V                ;;;;;;
325;207,926 V                ;199,876 V                ;213,687 V                ;;;;;;
326;209,542 V                ;198,818 V                ;214,111 V                ;;;;;;
327;205,465 V                ;196,744 V                ;214,126 V                ;;;;;;
328;206,425 V                ;196,310 V                ;213,431 V                ;;;;;;
329;208,457 V                ;199,342 V                ;214,833 V                ;;;;;;
330;206,450 V                ;199,666 V                ;212,260 V                ;;;;;;
331;205,517 V                ;198,690 V                ;211,885 V                ;;;;;;
332;205,216 V                ;199,728 V                ;211,796 V                ;;;;;;
333;206,510 V                ;200,275 V                ;211,931 V                ;;;;;;
334;202,497 V                ;202,748 V                ;211,679 V                ;;;;;;
335;206,945 V                ;199,962 V                ;212,869 V                ;;;;;;
336;208,443 V                ;201,640 V                ;213,104 V                ;;;;;;
337;210,770 V                ;201,885 V                ;213,191 V                ;;;;;;
338;209,182 V                ;203,743 V                ;213,106 V                ;;;;;;
339;209,812 V                ;202,993 V                ;212,261 V                ;;;;;;
340;210,113 V                ;202,236 V                ;213,013 V                ;;;;;;
341;208,464 V                ;202,118 V                ;212,294 V                ;;;;;;
342;208,338 V                ;203,110 V                ;211,763 V                ;;;;;;
343;209,448 V                ;202,239 V                ;213,213 V                ;;;;;;
344;209,370 V                ;202,051 V                ;214,849 V                ;;;;;;
345;209,833 V                ;203,227 V                ;213,488 V                ;;;;;;
346;208,874 V                ;205,155 V                ;213,399 V                ;;;;;;
347;209,492 V                ;204,445 V                ;215,198 V                ;;;;;;
348;211,052 V                ;203,741 V                ;213,956 V                ;;;;;;
349;210,994 V                ;204,820 V                ;213,973 V                ;;;;;;
350;212,507 V                ;206,081 V                ;214,672 V                ;;;;;;
351;212,581 V                ;206,597 V                ;214,274 V                ;;;;;;
352;211,349 V                ;206,410 V                ;215,876 V                ;;;;;;
353;211,498 V                ;209,206 V                ;212,814 V                ;;;;;;
354;212,093 V                ;208,066 V                ;213,008 V                ;;;;;;
355;211,269 V                ;208,928 V                ;214,918 V                ;;;;;;
356;213,156 V                ;209,361 V                ;215,545 V                ;;;;;;
357;213,621 V                ;209,145 V                ;214,911 V                ;;;;;;
358;215,072 V                ;209,530 V                ;214,916 V                ;;;;;;
359;211,412 V                ;210,366 V                ;213,676 V                ;;;;;;
360;212,683 V                ;207,913 V                ;214,650 V                ;;;;;;
361;211,357 V                ;208,835 V                ;213,748 V                ;;;;;;
362;212,904 V                ;207,201 V                ;213,829 V                ;;;;;;
363;215,399 V                ;207,347 V                ;215,166 V                ;;;;;;
364;215,317 V                ;207,505 V                ;214,847 V                ;;;;;;
365;219,105 V                ;208,403 V                ;217,274 V                ;;;;;;
366;220,682 V                ;208,955 V                ;214,893 V                ;;;;;;
367;216,127 V                ;209,483 V                ;210,127 V                ;;;;;;
368;214,251 V                ;212,911 V                ;212,660 V                ;;;;;;
369;216,091 V                ;212,726 V                ;213,889 V                ;;;;;;
370;214,574 V                ;212,158 V                ;220,147 V                ;;;;;;
371;214,484 V                ;215,883 V                ;222,369 V                ;;;;;;
372;213,231 V                ;216,753 V                ;223,258 V                ;;;;;;
373;214,024 V                ;218,005 V                ;218,869 V                ;;;;;;
374;212,571 V                ;217,495 V                ;218,590 V                ;;;;;;
375;215,725 V                ;215,782 V                ;215,714 V                ;;;;;;
376;218,959 V                ;217,138 V                ;218,934 V                ;;;;;;
377;218,538 V                ;217,585 V                ;217,849 V                ;;;;;;
378;218,141 V                ;216,591 V                ;218,133 V                ;;;;;;
379;218,745 V                ;214,289 V                ;216,000 V                ;;;;;;
380;212,067 V                ;215,369 V                ;217,227 V                ;;;;;;
381;215,787 V                ;217,344 V                ;217,904 V                ;;;;;;
382;219,390 V                ;217,275 V                ;216,403 V                ;;;;;;
383;219,399 V                ;214,732 V                ;216,062 V                ;;;;;;
384;217,464 V                ;214,033 V                ;216,143 V                ;;;;;;
385;214,459 V                ;215,234 V                ;215,104 V                ;;;;;;
386;218,863 V                ;214,986 V                ;217,213 V                ;;;;;;
387;219,032 V                ;217,432 V                ;216,351 V                ;;;;;;
388;216,596 V                ;219,978 V                ;215,336 V                ;;;;;;
389;218,747 V                ;220,662 V                ;218,693 V                ;;;;;;
390;217,702 V                ;220,806 V                ;216,843 V                ;;;;;;
391;218,196 V                ;219,438 V                ;215,121 V                ;;;;;;
392;218,438 V                ;218,153 V                ;216,364 V                ;;;;;;
393;218,083 V                ;219,280 V                ;214,724 V                ;;;;;;
394;217,058 V                ;222,376 V                ;214,835 V                ;;;;;;
395;217,430 V                ;222,884 V                ;215,023 V                ;;;;;;
396;216,676 V                ;222,124 V                ;215,043 V                ;;;;;;
397;217,413 V                ;223,284 V                ;217,916 V                ;;;;;;
398;210,266 V                ;225,587 V                ;221,490 V                ;;;;;;
399;217,775 V                ;222,602 V                ;222,576 V                ;;;;;;
400;219,674 V                ;223,575 V                ;213,943 V                ;;;;;;
401;216,279 V                ;218,250 V                ;221,711 V                ;;;;;;
402;219,047 V                ;214,905 V                ;223,768 V                ;;;;;;
403;218,575 V                ;213,191 V                ;222,644 V                ;;;;;;
404;218,804 V                ;213,280 V                ;221,005 V                ;;;;;;
405;217,975 V                ;210,741 V                ;219,862 V                ;;;;;;
406;214,510 V                ;216,083 V                ;219,034 V                ;;;;;;
407;214,019 V                ;215,305 V                ;218,595 V                ;;;;;;
408;213,348 V                ;215,216 V                ;220,750 V                ;;;;;;
409;213,302 V                ;212,460 V                ;222,246 V                ;;;;;;
410;213,365 V                ;213,495 V                ;220,873 V                ;;;;;;
411;211,619 V                ;213,014 V                ;221,320 V                ;;;;;;
412;211,210 V                ;212,722 V                ;222,122 V                ;;;;;;
413;210,887 V                ;213,168 V                ;222,495 V                ;;;;;;
414;210,938 V                ;213,752 V                ;220,514 V                ;;;;;;
415;210,231 V                ;212,889 V                ;220,707 V                ;;;;;;
416;211,595 V                ;211,426 V                ;221,739 V                ;;;;;;
417;211,087 V                ;209,608 V                ;221,880 V                ;;;;;;
418;206,500 V                ;210,654 V                ;222,021 V                ;;;;;;
419;208,737 V                ;212,597 V                ;221,816 V                ;;;;;;
420;212,138 V                ;211,334 V                ;221,249 V                ;;;;;;
421;213,619 V                ;211,906 V                ;221,215 V                ;;;;;;
422;218,542 V                ;209,030 V                ;218,289 V                ;;;;;;
423;216,533 V                ;209,478 V                ;221,553 V                ;;;;;;
424;216,560 V                ;209,385 V                ;222,892 V                ;;;;;;
425;218,004 V                ;209,798 V                ;222,317 V                ;;;;;;
426;220,439 V                ;208,877 V                ;222,486 V                ;;;;;;
427;219,660 V                ;210,003 V                ;222,919 V                ;;;;;;
428;214,389 V                ;212,307 V                ;222,491 V                ;;;;;;
429;213,714 V                ;211,708 V                ;222,951 V                ;;;;;;
430;213,646 V                ;212,780 V                ;223,278 V                ;;;;;;
431;213,436 V                ;213,853 V                ;223,518 V                ;;;;;;
432;213,700 V                ;214,195 V                ;224,497 V                ;;;;;;
433;213,436 V                ;211,626 V                ;225,483 V                ;;;;;;
434;213,160 V                ;209,871 V                ;225,167 V                ;;;;;;
435;211,708 V                ;206,580 V                ;221,840 V                ;;;;;;
436;209,770 V                ;206,601 V                ;221,282 V                ;;;;;;
437;205,542 V                ;206,835 V                ;221,724 V                ;;;;;;
438;208,517 V                ;204,615 V                ;222,152 V                ;;;;;;
439;209,111 V                ;205,229 V                ;223,106 V                ;;;;;;
440;206,119 V                ;206,824 V                ;222,402 V                ;;;;;;
441;204,640 V                ;207,611 V                ;220,601 V                ;;;;;;
442;210,039 V                ;205,222 V                ;221,427 V                ;;;;;;
443;209,762 V                ;205,318 V                ;220,189 V                ;;;;;;
444;206,825 V                ;205,330 V                ;222,650 V                ;;;;;;
445;208,103 V                ;208,577 V                ;220,443 V                ;;;;;;
446;209,692 V                ;211,037 V                ;219,990 V                ;;;;;;
447;203,559 V                ;213,148 V                ;220,498 V                ;;;;;;
448;197,403 V                ;214,868 V                ;222,342 V                ;;;;;;
449;203,970 V                ;213,522 V                ;222,811 V                ;;;;;;
450;203,380 V                ;211,322 V                ;222,589 V                ;;;;;;
451;203,041 V                ;209,011 V                ;223,992 V                ;;;;;;
452;201,942 V                ;211,023 V                ;219,458 V                ;;;;;;
453;200,253 V                ;210,680 V                ;220,302 V                ;;;;;;
454;196,280 V                ;211,385 V                ;216,063 V                ;;;;;;
455;203,370 V                ;206,296 V                ;221,151 V                ;;;;;;
456;200,863 V                ;201,865 V                ;222,322 V                ;;;;;;
457;200,869 V                ;201,885 V                ;222,384 V                ;;;;;;
458;204,719 V                ;201,278 V                ;222,760 V                ;;;;;;
459;205,269 V                ;199,280 V                ;223,809 V                ;;;;;;
460;203,943 V                ;195,628 V                ;222,776 V                ;;;;;;
461;204,523 V                ;194,647 V                ;218,321 V                ;;;;;;
462;203,304 V                ;198,803 V                ;217,454 V                ;;;;;;
463;203,953 V                ;200,869 V                ;214,962 V                ;;;;;;
464;203,121 V                ;199,769 V                ;215,862 V                ;;;;;;
465;203,082 V                ;199,647 V                ;217,092 V                ;;;;;;
466;202,496 V                ;201,189 V                ;217,606 V                ;;;;;;
467;202,688 V                ;202,580 V                ;217,820 V                ;;;;;;
468;205,401 V                ;201,742 V                ;216,193 V                ;;;;;;
469;205,494 V                ;205,941 V                ;215,202 V                ;;;;;;
470;204,437 V                ;205,172 V                ;213,898 V                ;;;;;;
471;200,841 V                ;207,383 V                ;214,798 V                ;;;;;;
472;206,031 V                ;205,889 V                ;215,565 V                ;;;;;;
473;205,675 V                ;203,419 V                ;217,391 V                ;;;;;;
474;205,036 V                ;204,078 V                ;217,563 V                ;;;;;;
475;205,712 V                ;204,697 V                ;218,981 V                ;;;;;;
476;205,941 V                ;202,765 V                ;219,585 V                ;;;;;;
477;205,699 V                ;202,049 V                ;218,700 V                ;;;;;;
478;205,002 V                ;202,494 V                ;219,590 V                ;;;;;;
479;204,735 V                ;201,204 V                ;219,549 V                ;;;;;;
480;204,860 V                ;201,159 V                ;219,533 V                ;;;;;;
481;203,315 V                ;203,889 V                ;219,383 V                ;;;;;;
482;210,686 V                ;202,691 V                ;217,908 V                ;;;;;;
483;211,397 V                ;202,387 V                ;217,982 V                ;;;;;;
484;211,331 V                ;202,399 V                ;218,474 V                ;;;;;;
485;209,919 V                ;202,789 V                ;217,764 V                ;;;;;;
486;210,746 V                ;201,793 V                ;218,927 V                ;;;;;;
487;210,187 V                ;201,517 V                ;215,907 V                ;;;;;;
488;208,187 V                ;203,825 V                ;214,584 V                ;;;;;;
489;209,619 V                ;201,772 V                ;215,865 V                ;;;;;;
490;209,334 V                ;202,502 V                ;215,203 V                ;;;;;;
491;210,188 V                ;202,886 V                ;216,263 V                ;;;;;;
492;210,219 V                ;202,750 V                ;215,349 V                ;;;;;;
493;209,362 V                ;202,191 V                ;217,113 V                ;;;;;;
494;209,010 V                ;203,010 V                ;216,984 V                ;;;;;;
495;210,766 V                ;207,314 V                ;215,990 V                ;;;;;;
496;211,936 V                ;207,122 V                ;215,931 V                ;;;;;;
497;212,509 V                ;206,797 V                ;215,783 V                ;;;;;;
498;211,338 V                ;209,340 V                ;215,860 V                ;;;;;;
499;213,020 V                ;209,070 V                ;216,975 V                ;;;;;;
500;212,019 V                ;209,620 V                ;217,762 V                ;;;;;;
501;212,017 V                ;210,883 V                ;216,474 V                ;;;;;;
502;213,159 V                ;209,008 V                ;216,709 V                ;;;;;;
503;208,733 V                ;208,682 V                ;216,846 V                ;;;;;;
504;212,680 V                ;209,079 V                ;215,856 V                ;;;;;;
505;213,347 V                ;208,956 V                ;216,639 V                ;;;;;;
506;213,057 V                ;211,399 V                ;215,578 V                ;;;;;;
507;213,253 V                ;209,515 V                ;218,351 V                ;;;;;;
508;212,671 V                ;207,570 V                ;218,823 V                ;;;;;;
509;215,473 V                ;209,455 V                ;220,559 V                ;;;;;;
510;213,010 V                ;210,589 V                ;217,722 V                ;;;;;;
511;213,288 V                ;209,237 V                ;217,471 V                ;;;;;;
512;214,382 V                ;207,749 V                ;217,726 V                ;;;;;;
513;212,893 V                ;209,172 V                ;217,110 V                ;;;;;;
514;209,227 V                ;210,285 V                ;221,897 V                ;;;;;;
515;209,541 V                ;210,900 V                ;224,877 V                ;;;;;;
516;208,058 V                ;209,977 V                ;225,214 V                ;;;;;;
517;204,781 V                ;207,053 V                ;226,104 V                ;;;;;;
518;209,892 V                ;208,311 V                ;222,428 V                ;;;;;;
519;210,161 V                ;208,561 V                ;222,558 V                ;;;;;;
520;209,714 V                ;210,073 V                ;221,962 V                ;;;;;;
521;209,781 V                ;210,787 V                ;220,892 V                ;;;;;;
522;213,166 V                ;209,470 V                ;222,895 V                ;;;;;;
523;214,339 V                ;211,816 V                ;222,997 V                ;;;;;;
524;207,078 V                ;215,150 V                ;222,378 V                ;;;;;;
525;210,912 V                ;214,726 V                ;221,369 V                ;;;;;;
526;215,193 V                ;216,541 V                ;221,581 V                ;;;;;;
527;217,197 V                ;217,203 V                ;220,821 V                ;;;;;;
528;216,574 V                ;216,627 V                ;218,964 V                ;;;;;;
529;219,983 V                ;215,196 V                ;212,592 V                ;;;;;;
530;221,827 V                ;212,028 V                ;213,133 V                ;;;;;;
531;220,797 V                ;210,176 V                ;214,653 V                ;;;;;;
532;220,384 V                ;210,686 V                ;216,040 V                ;;;;;;
533;220,802 V                ;207,332 V                ;216,331 V                ;;;;;;
534;221,925 V                ;205,440 V                ;214,792 V                ;;;;;;
535;222,974 V                ;209,092 V                ;213,754 V                ;;;;;;
536;221,916 V                ;214,377 V                ;213,717 V                ;;;;;;
537;223,209 V                ;216,534 V                ;213,634 V                ;;;;;;
538;221,684 V                ;218,331 V                ;210,044 V                ;;;;;;
539;221,033 V                ;217,688 V                ;206,695 V                ;;;;;;
540;221,398 V                ;216,873 V                ;207,868 V                ;;;;;;
541;219,616 V                ;218,441 V                ;211,645 V                ;;;;;;
542;219,048 V                ;217,697 V                ;213,692 V                ;;;;;;
543;220,308 V                ;216,350 V                ;213,829 V                ;;;;;;
544;218,695 V                ;215,226 V                ;222,626 V                ;;;;;;
545;219,170 V                ;212,029 V                ;224,315 V                ;;;;;;
546;217,143 V                ;214,552 V                ;219,913 V                ;;;;;;
547;220,599 V                ;214,190 V                ;223,700 V                ;;;;;;
548;219,805 V                ;209,112 V                ;226,482 V                ;;;;;;
549;219,690 V                ;209,031 V                ;225,709 V                ;;;;;;
550;212,283 V                ;220,128 V                ;223,171 V                ;;;;;;
551;215,921 V                ;218,349 V                ;222,384 V                ;;;;;;
552;211,457 V                ;219,946 V                ;221,861 V                ;;;;;;
553;206,914 V                ;221,135 V                ;221,798 V                ;;;;;;
554;211,337 V                ;219,106 V                ;221,556 V                ;;;;;;
555;210,675 V                ;216,808 V                ;219,091 V                ;;;;;;
556;212,387 V                ;214,782 V                ;215,303 V                ;;;;;;
557;213,563 V                ;212,675 V                ;217,019 V                ;;;;;;
558;210,077 V                ;214,256 V                ;215,892 V                ;;;;;;
559;213,533 V                ;213,940 V                ;215,762 V                ;;;;;;
560;212,474 V                ;213,999 V                ;215,489 V                ;;;;;;
561;213,403 V                ;212,847 V                ;216,015 V                ;;;;;;
562;213,309 V                ;213,299 V                ;215,167 V                ;;;;;;
563;212,856 V                ;213,629 V                ;215,289 V                ;;;;;;
564;212,260 V                ;213,090 V                ;215,305 V                ;;;;;;
565;212,573 V                ;213,287 V                ;215,715 V                ;;;;;;
566;208,196 V                ;214,182 V                ;215,861 V                ;;;;;;
567;214,012 V                ;212,061 V                ;216,100 V                ;;;;;;
568;214,268 V                ;212,731 V                ;215,611 V                ;;;;;;
569;213,047 V                ;212,511 V                ;217,042 V                ;;;;;;
570;211,782 V                ;212,814 V                ;217,652 V                ;;;;;;
571;210,024 V                ;213,560 V                ;217,445 V                ;;;;;;
572;207,860 V                ;214,213 V                ;216,500 V                ;;;;;;
573;209,333 V                ;214,896 V                ;217,637 V                ;;;;;;
574;209,510 V                ;214,241 V                ;218,644 V                ;;;;;;
575;206,370 V                ;215,817 V                ;216,961 V                ;;;;;;
576;202,424 V                ;216,989 V                ;215,919 V                ;;;;;;
577;207,505 V                ;213,644 V                ;216,451 V                ;;;;;;
578;210,897 V                ;211,848 V                ;213,976 V                ;;;;;;
579;208,171 V                ;209,075 V                ;212,798 V                ;;;;;;
580;210,086 V                ;209,175 V                ;214,712 V                ;;;;;;
581;210,423 V                ;208,392 V                ;214,027 V                ;;;;;;
582;214,053 V                ;202,382 V                ;216,048 V                ;;;;;;
583;209,889 V                ;203,971 V                ;217,885 V                ;;;;;;
584;211,269 V                ;207,438 V                ;216,898 V                ;;;;;;
585;212,945 V                ;205,723 V                ;218,610 V                ;;;;;;
586;210,629 V                ;199,165 V                ;219,173 V                ;;;;;;
587;216,921 V                ;204,875 V                ;216,368 V                ;;;;;;
588;215,436 V                ;204,771 V                ;215,860 V                ;;;;;;
589;217,332 V                ;204,180 V                ;217,019 V                ;;;;;;
590;218,444 V                ;203,337 V                ;215,236 V                ;;;;;;
591;217,185 V                ;204,779 V                ;215,672 V                ;;;;;;
592;214,442 V                ;206,920 V                ;214,362 V                ;;;;;;
593;211,958 V                ;211,093 V                ;213,801 V                ;;;;;;
594;214,893 V                ;208,176 V                ;215,293 V                ;;;;;;
595;213,894 V                ;209,671 V                ;213,785 V                ;;;;;;
596;208,963 V                ;202,622 V                ;216,096 V                ;;;;;;
597;210,894 V                ;204,338 V                ;211,795 V                ;;;;;;
598;212,315 V                ;206,890 V                ;212,350 V                ;;;;;;
599;212,833 V                ;201,556 V                ;209,200 V                ;;;;;;
600;213,113 V                ;200,388 V                ;213,028 V                ;;;;;;
601;210,825 V                ;202,550 V                ;211,521 V                ;;;;;;
602;204,670 V                ;202,746 V                ;211,555 V                ;;;;;;
603;203,490 V                ;200,854 V                ;214,753 V                ;;;;;;
604;205,438 V                ;198,780 V                ;215,664 V                ;;;;;;
605;203,869 V                ;200,519 V                ;213,473 V                ;;;;;;
606;203,553 V                ;200,284 V                ;214,501 V                ;;;;;;
607;207,707 V                ;201,239 V                ;215,373 V                ;;;;;;
608;207,944 V                ;200,208 V                ;216,487 V                ;;;;;;
609;207,991 V                ;201,887 V                ;216,007 V                ;;;;;;
610;206,248 V                ;205,923 V                ;214,995 V                ;;;;;;
611;206,065 V                ;208,106 V                ;213,669 V                ;;;;;;
612;205,596 V                ;207,253 V                ;212,617 V                ;;;;;;
613;204,274 V                ;205,671 V                ;213,238 V                ;;;;;;
614;202,234 V                ;207,956 V                ;211,878 V                ;;;;;;
615;200,629 V                ;207,357 V                ;212,558 V                ;;;;;;
616;203,807 V                ;206,175 V                ;213,600 V                ;;;;;;
617;204,954 V                ;207,935 V                ;212,472 V                ;;;;;;
618;204,805 V                ;208,327 V                ;213,235 V                ;;;;;;
619;205,727 V                ;209,259 V                ;214,512 V                ;;;;;;
620;205,080 V                ;208,841 V                ;215,003 V                ;;;;;;
621;206,641 V                ;208,980 V                ;213,709 V                ;;;;;;
622;205,322 V                ;208,088 V                ;212,301 V                ;;;;;;
623;204,949 V                ;209,343 V                ;214,268 V                ;;;;;;
624;206,959 V                ;209,440 V                ;215,488 V                ;;;;;;
625;206,580 V                ;209,336 V                ;215,174 V                ;;;;;;
626;207,754 V                ;208,164 V                ;216,092 V                ;;;;;;
627;208,550 V                ;209,526 V                ;216,495 V                ;;;;;;
628;206,848 V                ;209,594 V                ;217,630 V                ;;;;;;
629;207,165 V                ;209,202 V                ;217,372 V                ;;;;;;
630;208,010 V                ;209,180 V                ;217,074 V                ;;;;;;
631;208,478 V                ;209,998 V                ;217,308 V                ;;;;;;
632;208,845 V                ;210,815 V                ;217,928 V                ;;;;;;
633;206,021 V                ;212,524 V                ;218,044 V                ;;;;;;
634;207,646 V                ;211,594 V                ;218,008 V                ;;;;;;
635;210,867 V                ;210,957 V                ;219,200 V                ;;;;;;
636;209,888 V                ;211,148 V                ;219,454 V                ;;;;;;
637;211,396 V                ;210,630 V                ;218,780 V                ;;;;;;
638;211,585 V                ;211,545 V                ;218,301 V                ;;;;;;
639;212,753 V                ;210,558 V                ;219,004 V                ;;;;;;
640;210,923 V                ;210,910 V                ;219,796 V                ;;;;;;
641;212,749 V                ;211,033 V                ;219,646 V                ;;;;;;
642;212,707 V                ;211,120 V                ;219,316 V                ;;;;;;
643;212,835 V                ;210,913 V                ;219,123 V                ;;;;;;
644;212,899 V                ;210,503 V                ;218,459 V                ;;;;;;
645;211,899 V                ;202,923 V                ;221,726 V                ;;;;;;
646;213,014 V                ;204,407 V                ;221,931 V                ;;;;;;
647;212,086 V                ;213,061 V                ;218,567 V                ;;;;;;
648;212,228 V                ;213,279 V                ;219,546 V                ;;;;;;
649;213,117 V                ;212,202 V                ;219,018 V                ;;;;;;
650;211,928 V                ;213,329 V                ;217,781 V                ;;;;;;
651;211,217 V                ;216,441 V                ;217,713 V                ;;;;;;
652;211,082 V                ;219,726 V                ;218,724 V                ;;;;;;
653;217,881 V                ;221,122 V                ;218,888 V                ;;;;;;
654;217,924 V                ;220,087 V                ;219,694 V                ;;;;;;
655;218,347 V                ;222,157 V                ;218,353 V                ;;;;;;
656;214,468 V                ;223,346 V                ;218,143 V                ;;;;;;
657;213,892 V                ;219,513 V                ;218,736 V                ;;;;;;
658;217,946 V                ;217,231 V                ;219,073 V                ;;;;;;
659;215,637 V                ;216,970 V                ;217,431 V                ;;;;;;
660;213,722 V                ;216,890 V                ;222,000 V                ;;;;;;
661;216,240 V                ;205,166 V                ;227,103 V                ;;;;;;
662;218,476 V                ;212,714 V                ;222,484 V                ;;;;;;
663;217,879 V                ;215,969 V                ;220,210 V                ;;;;;;
664;218,642 V                ;217,610 V                ;220,591 V                ;;;;;;
665;217,613 V                ;215,180 V                ;218,629 V                ;;;;;;
666;215,879 V                ;213,552 V                ;219,188 V                ;;;;;;
667;216,054 V                ;213,020 V                ;219,401 V                ;;;;;;
668;220,855 V                ;211,094 V                ;220,106 V                ;;;;;;
669;213,355 V                ;215,909 V                ;218,094 V                ;;;;;;
670;215,687 V                ;211,622 V                ;216,969 V                ;;;;;;
671;220,232 V                ;210,625 V                ;215,165 V                ;;;;;;
672;215,339 V                ;213,128 V                ;215,668 V                ;;;;;;
673;214,013 V                ;214,259 V                ;217,025 V                ;;;;;;
674;212,812 V                ;214,173 V                ;217,702 V                ;;;;;;
675;216,208 V                ;213,385 V                ;219,465 V                ;;;;;;
676;215,595 V                ;211,564 V                ;215,856 V                ;;;;;;
677;210,346 V                ;212,969 V                ;216,063 V                ;;;;;;
678;212,966 V                ;209,242 V                ;217,784 V                ;;;;;;
679;211,326 V                ;202,512 V                ;220,567 V                ;;;;;;
680;212,816 V                ;202,878 V                ;219,947 V                ;;;;;;
681;216,534 V                ;202,587 V                ;219,040 V                ;;;;;;
682;215,839 V                ;206,438 V                ;220,875 V                ;;;;;;
683;214,381 V                ;206,630 V                ;222,999 V                ;;;;;;
684;213,224 V                ;207,131 V                ;217,851 V                ;;;;;;
685;214,802 V                ;208,918 V                ;221,725 V                ;;;;;;
686;215,390 V                ;211,284 V                ;220,937 V                ;;;;;;
687;212,078 V                ;211,626 V                ;223,848 V                ;;;;;;
688;214,134 V                ;208,473 V                ;221,517 V                ;;;;;;
689;214,323 V                ;202,674 V                ;223,984 V                ;;;;;;
690;213,740 V                ;201,096 V                ;221,553 V                ;;;;;;
691;212,223 V                ;201,180 V                ;223,372 V                ;;;;;;
692;211,140 V                ;206,758 V                ;222,374 V                ;;;;;;
693;215,286 V                ;205,373 V                ;221,137 V                ;;;;;;
694;213,229 V                ;212,201 V                ;220,455 V                ;;;;;;
695;208,788 V                ;212,996 V                ;217,932 V                ;;;;;;
696;207,561 V                ;212,509 V                ;217,106 V                ;;;;;;
697;214,922 V                ;210,223 V                ;220,298 V                ;;;;;;
698;219,238 V                ;201,626 V                ;221,441 V                ;;;;;;
699;219,992 V                ;203,256 V                ;220,583 V                ;;;;;;
700;223,110 V                ;208,154 V                ;221,846 V                ;;;;;;
701;221,916 V                ;209,010 V                ;218,433 V                ;;;;;;
702;220,107 V                ;209,533 V                ;215,844 V                ;;;;;;
703;222,092 V                ;212,556 V                ;214,316 V                ;;;;;;
704;220,078 V                ;213,453 V                ;213,652 V                ;;;;;;
705;217,865 V                ;214,525 V                ;213,883 V                ;;;;;;
706;211,160 V                ;212,850 V                ;214,970 V                ;;;;;;
707;209,701 V                ;208,695 V                ;216,849 V                ;;;;;;
708;214,175 V                ;212,874 V                ;214,831 V                ;;;;;;
709;214,389 V                ;216,996 V                ;215,115 V                ;;;;;;
710;214,069 V                ;216,842 V                ;216,046 V                ;;;;;;
711;214,188 V                ;217,441 V                ;217,353 V                ;;;;;;
712;218,356 V                ;213,767 V                ;217,098 V                ;;;;;;
713;219,307 V                ;215,359 V                ;217,573 V                ;;;;;;
714;220,928 V                ;215,977 V                ;218,599 V                ;;;;;;
715;221,768 V                ;215,603 V                ;219,767 V                ;;;;;;
716;220,163 V                ;217,884 V                ;220,617 V                ;;;;;;
717;222,039 V                ;217,963 V                ;220,228 V                ;;;;;;
718;220,649 V                ;214,814 V                ;218,171 V                ;;;;;;
719;221,602 V                ;214,750 V                ;220,227 V                ;;;;;;
720;222,900 V                ;215,301 V                ;218,748 V                ;;;;;;
721;223,149 V                ;214,662 V                ;216,668 V                ;;;;;;
722;224,975 V                ;214,241 V                ;217,889 V                ;;;;;;
723;222,897 V                ;211,247 V                ;222,566 V                ;;;;;;
724;218,459 V                ;208,151 V                ;219,045 V                ;;;;;;
725;219,806 V                ;205,057 V                ;217,917 V                ;;;;;;
726;219,388 V                ;206,756 V                ;220,494 V                ;;;;;;
727;213,939 V                ;197,877 V                ;223,995 V                ;;;;;;
728;211,402 V                ;195,677 V                ;224,327 V                ;;;;;;
729;210,885 V                ;192,655 V                ;225,928 V                ;;;;;;
730;207,921 V                ;194,098 V                ;226,110 V                ;;;;;;
731;211,051 V                ;189,873 V                ;224,422 V                ;;;;;;
732;208,431 V                ;190,959 V                ;223,834 V                ;;;;;;
733;209,484 V                ;191,577 V                ;224,876 V                ;;;;;;
734;210,762 V                ;192,954 V                ;226,292 V                ;;;;;;
735;209,513 V                ;194,124 V                ;225,269 V                ;;;;;;
736;205,727 V                ;195,967 V                ;225,338 V                ;;;;;;
737;209,148 V                ;193,678 V                ;225,938 V                ;;;;;;
738;208,914 V                ;194,826 V                ;225,752 V                ;;;;;;
739;208,203 V                ;194,245 V                ;225,349 V                ;;;;;;
740;204,335 V                ;195,018 V                ;226,046 V                ;;;;;;
741;203,435 V                ;195,291 V                ;225,014 V                ;;;;;;
742;206,301 V                ;194,850 V                ;223,138 V                ;;;;;;
743;205,225 V                ;199,873 V                ;221,101 V                ;;;;;;
744;201,362 V                ;199,864 V                ;218,713 V                ;;;;;;
745;196,747 V                ;198,383 V                ;218,688 V                ;;;;;;
746;201,437 V                ;196,883 V                ;214,185 V                ;;;;;;
747;202,050 V                ;198,103 V                ;212,545 V                ;;;;;;
748;197,767 V                ;199,015 V                ;212,299 V                ;;;;;;
749;196,576 V                ;201,380 V                ;213,293 V                ;;;;;;
750;195,534 V                ;200,244 V                ;213,413 V                ;;;;;;
751;197,871 V                ;198,855 V                ;212,822 V                ;;;;;;
752;195,309 V                ;197,476 V                ;210,893 V                ;;;;;;
753;201,216 V                ;198,421 V                ;208,054 V                ;;;;;;
754;200,650 V                ;199,942 V                ;214,955 V                ;;;;;;
755;201,991 V                ;201,357 V                ;214,623 V                ;;;;;;
756;201,768 V                ;203,619 V                ;213,603 V                ;;;;;;
757;201,615 V                ;202,539 V                ;213,305 V                ;;;;;;
758;202,130 V                ;202,962 V                ;215,728 V                ;;;;;;
759;195,407 V                ;204,927 V                ;214,333 V                ;;;;;;
760;202,799 V                ;202,490 V                ;213,242 V                ;;;;;;
761;204,656 V                ;201,415 V                ;215,158 V                ;;;;;;
762;203,202 V                ;203,717 V                ;216,105 V                ;;;;;;
763;202,189 V                ;205,388 V                ;216,508 V                ;;;;;;
764;205,251 V                ;205,994 V                ;216,924 V                ;;;;;;
765;206,644 V                ;205,580 V                ;216,859 V                ;;;;;;
766;209,022 V                ;206,127 V                ;217,149 V                ;;;;;;
767;209,344 V                ;206,398 V                ;216,305 V                ;;;;;;
768;210,036 V                ;204,690 V                ;216,971 V                ;;;;;;
769;210,174 V                ;205,478 V                ;218,855 V                ;;;;;;
770;208,731 V                ;206,147 V                ;219,632 V                ;;;;;;
771;209,611 V                ;208,249 V                ;217,950 V                ;;;;;;
772;211,789 V                ;208,673 V                ;217,204 V                ;;;;;;
773;210,909 V                ;208,175 V                ;218,534 V                ;;;;;;
774;210,855 V                ;208,346 V                ;220,789 V                ;;;;;;
775;208,482 V                ;208,851 V                ;220,394 V                ;;;;;;
776;210,214 V                ;207,465 V                ;217,830 V                ;;;;;;
777;210,166 V                ;208,132 V                ;217,928 V                ;;;;;;
778;211,869 V                ;206,006 V                ;219,025 V                ;;;;;;
779;211,444 V                ;205,974 V                ;218,362 V                ;;;;;;
780;211,417 V                ;206,376 V                ;218,375 V                ;;;;;;
781;211,191 V                ;207,377 V                ;218,831 V                ;;;;;;
782;211,558 V                ;207,604 V                ;219,926 V                ;;;;;;
783;211,429 V                ;208,071 V                ;219,477 V                ;;;;;;
784;214,317 V                ;207,725 V                ;218,489 V                ;;;;;;
785;214,968 V                ;207,163 V                ;219,380 V                ;;;;;;
786;213,644 V                ;207,436 V                ;219,754 V                ;;;;;;
787;213,392 V                ;209,766 V                ;218,745 V                ;;;;;;
788;212,627 V                ;210,361 V                ;218,949 V                ;;;;;;
789;210,093 V                ;197,860 V                ;223,094 V                ;;;;;;
790;212,805 V                ;209,912 V                ;218,670 V                ;;;;;;
791;213,541 V                ;210,091 V                ;218,368 V                ;;;;;;
792;215,971 V                ;209,930 V                ;217,635 V                ;;;;;;
793;214,564 V                ;211,160 V                ;218,538 V                ;;;;;;
794;214,825 V                ;213,236 V                ;218,383 V                ;;;;;;
795;216,383 V                ;212,078 V                ;219,803 V                ;;;;;;
796;216,813 V                ;213,682 V                ;220,454 V                ;;;;;;
797;217,957 V                ;217,732 V                ;218,855 V                ;;;;;;
798;216,551 V                ;218,921 V                ;220,004 V                ;;;;;;
799;216,935 V                ;219,961 V                ;219,937 V                ;;;;;;
800;220,742 V                ;218,521 V                ;221,558 V                ;;;;;;
801;222,527 V                ;217,441 V                ;217,508 V                ;;;;;;
802;219,206 V                ;217,466 V                ;215,544 V                ;;;;;;
803;220,568 V                ;214,428 V                ;216,636 V                ;;;;;;
804;221,049 V                ;214,092 V                ;214,236 V                ;;;;;;
805;221,487 V                ;214,163 V                ;217,225 V                ;;;;;;
806;221,661 V                ;207,030 V                ;217,160 V                ;;;;;;
807;222,429 V                ;212,759 V                ;216,580 V                ;;;;;;
808;222,605 V                ;210,258 V                ;219,921 V                ;;;;;;
809;219,760 V                ;208,702 V                ;225,856 V                ;;;;;;
810;218,662 V                ;215,345 V                ;220,972 V                ;;;;;;
811;219,590 V                ;215,817 V                ;221,939 V                ;;;;;;
812;219,494 V                ;216,573 V                ;220,571 V                ;;;;;;
813;221,007 V                ;217,263 V                ;219,041 V                ;;;;;;
814;224,245 V                ;216,255 V                ;218,319 V                ;;;;;;
815;223,785 V                ;216,571 V                ;219,044 V                ;;;;;;
816;224,517 V                ;215,350 V                ;218,648 V                ;;;;;;
817;221,045 V                ;216,669 V                ;219,515 V                ;;;;;;
818;221,296 V                ;213,164 V                ;217,679 V                ;;;;;;
819;217,862 V                ;205,979 V                ;221,065 V                ;;;;;;
820;219,918 V                ;209,197 V                ;221,040 V                ;;;;;;
821;223,789 V                ;209,610 V                ;222,156 V                ;;;;;;
822;226,499 V                ;210,208 V                ;222,846 V                ;;;;;;
823;228,027 V                ;209,855 V                ;223,508 V                ;;;;;;
824;226,122 V                ;208,039 V                ;224,180 V                ;;;;;;
825;223,589 V                ;208,490 V                ;225,914 V                ;;;;;;
826;223,640 V                ;210,377 V                ;226,919 V                ;;;;;;
827;222,362 V                ;205,163 V                ;226,522 V                ;;;;;;
828;220,532 V                ;207,244 V                ;222,696 V                ;;;;;;
829;221,837 V                ;204,066 V                ;226,098 V                ;;;;;;
830;222,556 V                ;209,421 V                ;223,586 V                ;;;;;;
831;218,693 V                ;211,898 V                ;223,372 V                ;;;;;;
832;221,612 V                ;211,135 V                ;220,378 V                ;;;;;;
833;221,821 V                ;210,873 V                ;220,621 V                ;;;;;;
834;221,312 V                ;209,214 V                ;220,428 V                ;;;;;;
835;221,427 V                ;209,689 V                ;217,651 V                ;;;;;;
836;224,357 V                ;213,192 V                ;210,396 V                ;;;;;;
837;222,240 V                ;214,543 V                ;213,613 V                ;;;;;;
838;222,055 V                ;215,039 V                ;218,666 V                ;;;;;;
839;219,951 V                ;216,647 V                ;217,985 V                ;;;;;;
840;221,623 V                ;216,459 V                ;209,398 V                ;;;;;;
841;221,665 V                ;214,551 V                ;209,238 V                ;;;;;;
842;220,659 V                ;206,383 V                ;214,496 V                ;;;;;;
843;222,556 V                ;201,563 V                ;214,380 V                ;;;;;;
844;221,387 V                ;210,418 V                ;216,447 V                ;;;;;;
845;219,329 V                ;212,467 V                ;217,776 V                ;;;;;;
846;219,504 V                ;212,605 V                ;216,880 V                ;;;;;;
847;220,290 V                ;213,659 V                ;215,859 V                ;;;;;;
848;219,602 V                ;213,318 V                ;215,792 V                ;;;;;;
849;219,674 V                ;214,216 V                ;215,799 V                ;;;;;;
850;222,943 V                ;213,308 V                ;216,661 V                ;;;;;;
851;223,620 V                ;215,021 V                ;219,045 V                ;;;;;;
852;221,197 V                ;216,396 V                ;218,866 V                ;;;;;;
853;221,621 V                ;213,646 V                ;216,509 V                ;;;;;;
854;224,626 V                ;213,401 V                ;218,696 V                ;;;;;;
855;225,243 V                ;213,155 V                ;219,148 V                ;;;;;;
856;226,678 V                ;212,561 V                ;220,205 V                ;;;;;;
857;225,144 V                ;213,349 V                ;217,730 V                ;;;;;;
858;225,194 V                ;214,259 V                ;218,413 V                ;;;;;;
859;224,966 V                ;213,032 V                ;220,335 V                ;;;;;;
860;223,999 V                ;212,859 V                ;220,838 V                ;;;;;;
861;220,746 V                ;215,508 V                ;220,249 V                ;;;;;;
862;224,096 V                ;214,764 V                ;221,785 V                ;;;;;;
863;225,340 V                ;214,957 V                ;224,090 V                ;;;;;;
864;225,332 V                ;216,039 V                ;223,674 V                ;;;;;;
865;223,376 V                ;215,690 V                ;222,432 V                ;;;;;;
866;222,469 V                ;214,133 V                ;221,154 V                ;;;;;;
867;223,044 V                ;214,821 V                ;221,813 V                ;;;;;;
868;219,127 V                ;211,305 V                ;217,460 V                ;;;;;;
869;220,697 V                ;209,683 V                ;218,641 V                ;;;;;;
870;220,972 V                ;206,627 V                ;218,429 V                ;;;;;;
871;220,410 V                ;204,666 V                ;220,889 V                ;;;;;;
872;214,882 V                ;205,052 V                ;219,890 V                ;;;;;;
873;218,143 V                ;201,757 V                ;219,971 V                ;;;;;;
874;218,359 V                ;202,661 V                ;220,717 V                ;;;;;;
875;218,490 V                ;204,264 V                ;221,323 V                ;;;;;;
876;217,371 V                ;200,870 V                ;223,109 V                ;;;;;;
877;218,073 V                ;200,321 V                ;222,231 V                ;;;;;;
878;209,534 V                ;201,997 V                ;221,142 V                ;;;;;;
879;211,756 V                ;198,407 V                ;222,323 V                ;;;;;;
880;214,081 V                ;200,830 V                ;221,705 V                ;;;;;;
881;209,357 V                ;202,825 V                ;216,980 V                ;;;;;;
882;215,122 V                ;200,163 V                ;215,472 V                ;;;;;;
883;213,279 V                ;199,506 V                ;215,706 V                ;;;;;;
884;214,346 V                ;200,387 V                ;215,363 V                ;;;;;;
885;214,588 V                ;199,294 V                ;212,693 V                ;;;;;;
886;212,162 V                ;197,868 V                ;210,360 V                ;;;;;;
887;211,275 V                ;201,010 V                ;208,663 V                ;;;;;;
888;214,022 V                ;198,812 V                ;213,675 V                ;;;;;;
889;214,391 V                ;197,809 V                ;214,821 V                ;;;;;;
890;214,118 V                ;200,298 V                ;215,875 V                ;;;;;;
891;210,876 V                ;199,276 V                ;217,017 V                ;;;;;;
892;207,688 V                ;198,758 V                ;217,620 V                ;;;;;;
893;207,088 V                ;197,356 V                ;217,956 V                ;;;;;;
894;206,117 V                ;195,716 V                ;214,368 V                ;;;;;;
895;203,683 V                ;196,521 V                ;214,684 V                ;;;;;;
896;199,212 V                ;197,738 V                ;214,167 V                ;;;;;;
897;206,419 V                ;197,650 V                ;215,334 V                ;;;;;;
898;205,342 V                ;199,980 V                ;214,338 V                ;;;;;;
899;206,441 V                ;200,344 V                ;215,214 V                ;;;;;;
900;207,813 V                ;198,863 V                ;217,427 V                ;;;;;;
901;208,346 V                ;198,132 V                ;218,277 V                ;;;;;;
902;206,923 V                ;198,802 V                ;216,757 V                ;;;;;;
903;202,143 V                ;200,696 V                ;217,697 V                ;;;;;;
904;206,789 V                ;199,308 V                ;216,962 V                ;;;;;;
905;205,574 V                ;200,755 V                ;216,477 V                ;;;;;;
906;204,569 V                ;201,628 V                ;216,265 V                ;;;;;;
907;205,778 V                ;201,645 V                ;216,858 V                ;;;;;;
908;207,588 V                ;200,901 V                ;217,606 V                ;;;;;;
909;210,583 V                ;202,367 V                ;218,772 V                ;;;;;;
910;210,001 V                ;205,058 V                ;216,086 V                ;;;;;;
911;210,605 V                ;203,407 V                ;216,519 V                ;;;;;;
912;211,222 V                ;204,245 V                ;218,377 V                ;;;;;;
913;210,667 V                ;205,858 V                ;218,252 V                ;;;;;;
914;212,591 V                ;207,227 V                ;218,674 V                ;;;;;;
915;212,486 V                ;208,776 V                ;218,206 V                ;;;;;;
916;212,317 V                ;209,895 V                ;219,535 V                ;;;;;;
917;213,609 V                ;209,605 V                ;216,629 V                ;;;;;;
918;212,913 V                ;205,389 V                ;218,069 V                ;;;;;;
919;213,390 V                ;205,208 V                ;216,948 V                ;;;;;;
920;214,379 V                ;206,707 V                ;218,385 V                ;;;;;;
921;213,938 V                ;205,903 V                ;218,523 V                ;;;;;;
922;215,238 V                ;207,547 V                ;218,379 V                ;;;;;;
923;215,923 V                ;207,583 V                ;217,830 V                ;;;;;;
924;215,736 V                ;208,769 V                ;218,418 V                ;;;;;;
925;216,005 V                ;206,887 V                ;218,264 V                ;;;;;;
926;216,016 V                ;208,283 V                ;218,776 V                ;;;;;;
927;217,574 V                ;207,662 V                ;218,802 V                ;;;;;;
928;217,019 V                ;208,211 V                ;218,816 V                ;;;;;;
929;215,686 V                ;209,943 V                ;219,823 V                ;;;;;;
930;217,597 V                ;208,850 V                ;218,361 V                ;;;;;;
931;216,941 V                ;208,556 V                ;219,585 V                ;;;;;;
932;217,305 V                ;208,902 V                ;220,579 V                ;;;;;;
933;214,883 V                ;206,962 V                ;220,325 V                ;;;;;;
934;212,095 V                ;205,556 V                ;219,400 V                ;;;;;;
935;213,717 V                ;209,517 V                ;217,206 V                ;;;;;;
936;213,690 V                ;209,586 V                ;214,943 V                ;;;;;;
937;214,277 V                ;208,669 V                ;217,203 V                ;;;;;;
938;213,947 V                ;208,740 V                ;216,503 V                ;;;;;;
939;215,129 V                ;210,860 V                ;213,994 V                ;;;;;;
940;216,899 V                ;211,923 V                ;217,885 V                ;;;;;;
941;220,286 V                ;217,516 V                ;219,957 V                ;;;;;;
942;216,362 V                ;216,475 V                ;221,255 V                ;;;;;;
943;219,897 V                ;213,607 V                ;221,082 V                ;;;;;;
944;218,627 V                ;214,380 V                ;221,835 V                ;;;;;;
945;218,443 V                ;211,884 V                ;221,706 V                ;;;;;;
946;219,139 V                ;212,634 V                ;219,653 V                ;;;;;;
947;219,633 V                ;216,750 V                ;218,272 V                ;;;;;;
948;220,835 V                ;213,363 V                ;222,232 V                ;;;;;;
949;217,923 V                ;201,845 V                ;227,144 V                ;;;;;;
950;219,145 V                ;213,777 V                ;221,199 V                ;;;;;;
951;220,069 V                ;214,106 V                ;222,233 V                ;;;;;;
952;225,611 V                ;213,888 V                ;220,241 V                ;;;;;;
953;224,348 V                ;216,010 V                ;218,030 V                ;;;;;;
954;224,362 V                ;210,276 V                ;219,905 V                ;;;;;;
955;222,629 V                ;214,803 V                ;220,242 V                ;;;;;;
956;223,160 V                ;217,445 V                ;217,655 V                ;;;;;;
957;221,652 V                ;215,629 V                ;215,648 V                ;;;;;;
958;221,430 V                ;214,226 V                ;215,154 V                ;;;;;;
959;221,230 V                ;212,559 V                ;212,551 V                ;;;;;;
960;222,371 V                ;214,075 V                ;210,830 V                ;;;;;;
961;224,348 V                ;215,434 V                ;215,115 V                ;;;;;;
962;222,217 V                ;216,125 V                ;215,757 V                ;;;;;;
963;221,858 V                ;215,788 V                ;212,890 V                ;;;;;;
964;221,917 V                ;215,066 V                ;213,037 V                ;;;;;;
965;223,732 V                ;212,649 V                ;215,499 V                ;;;;;;
966;221,896 V                ;211,973 V                ;217,346 V                ;;;;;;
967;223,285 V                ;210,902 V                ;218,670 V                ;;;;;;
968;223,608 V                ;210,429 V                ;220,077 V                ;;;;;;
969;222,197 V                ;208,599 V                ;221,342 V                ;;;;;;
970;221,708 V                ;209,612 V                ;219,154 V                ;;;;;;
971;220,945 V                ;211,275 V                ;220,487 V                ;;;;;;
972;222,543 V                ;204,490 V                ;223,627 V                ;;;;;;
973;221,912 V                ;204,310 V                ;220,542 V                ;;;;;;
974;223,132 V                ;207,727 V                ;221,401 V                ;;;;;;
975;220,973 V                ;204,473 V                ;223,458 V                ;;;;;;
976;221,591 V                ;208,010 V                ;219,654 V                ;;;;;;
977;221,804 V                ;211,775 V                ;224,072 V                ;;;;;;
978;222,821 V                ;210,493 V                ;219,293 V                ;;;;;;
979;220,313 V                ;214,193 V                ;220,436 V                ;;;;;;
980;218,623 V                ;215,443 V                ;221,231 V                ;;;;;;
981;221,758 V                ;210,178 V                ;219,519 V                ;;;;;;
982;222,790 V                ;213,411 V                ;217,981 V                ;;;;;;
983;217,849 V                ;214,355 V                ;219,085 V                ;;;;;;
984;221,193 V                ;209,100 V                ;220,864 V                ;;;;;;
985;220,449 V                ;209,021 V                ;218,644 V                ;;;;;;
986;222,091 V                ;208,299 V                ;220,130 V                ;;;;;;
987;222,541 V                ;206,101 V                ;220,582 V                ;;;;;;
988;220,459 V                ;209,861 V                ;220,359 V                ;;;;;;
989;220,906 V                ;212,532 V                ;220,432 V                ;;;;;;
990;220,224 V                ;213,612 V                ;222,093 V                ;;;;;;
991;219,626 V                ;210,452 V                ;223,747 V                ;;;;;;
992;218,416 V                ;204,668 V                ;225,392 V                ;;;;;;
993;219,493 V                ;212,310 V                ;223,638 V                ;;;;;;
994;220,058 V                ;211,226 V                ;222,030 V                ;;;;;;
995;217,777 V                ;210,442 V                ;220,330 V                ;;;;;;
996;220,925 V                ;214,481 V                ;220,097 V                ;;;;;;
997;220,094 V                ;215,913 V                ;220,791 V                ;;;;;;
998;220,781 V                ;215,058 V                ;220,631 V                ;;;;;;
999;222,476 V                ;213,090 V                ;221,571 V                ;;;;;;
1000;220,772 V                ;215,020 V                ;221,102 V                ;;;;;;
1001;220,987 V                ;216,931 V                ;220,272 V                ;;;;;;
1002;222,088 V                ;215,213 V                ;217,446 V                ;;;;;;
1003;222,498 V                ;216,669 V                ;217,205 V                ;;;;;;
1004;222,482 V                ;215,747 V                ;218,788 V                ;;;;;;
1005;222,564 V                ;217,721 V                ;219,468 V                ;;;;;;
1006;221,115 V                ;217,915 V                ;219,763 V                ;;;;;;
1007;218,930 V                ;215,976 V                ;217,440 V                ;;;;;;
1008;218,930 V                ;215,976 V                ;217,440 V                ;;;;;;
